中文名,外文名,软科排名,985,211,双一流
清华大学,Tsinghua University,1,是,是,是
北京大学,Peking University,2,是,是,是
浙江大学,Zhejiang University,3,是,是,是
上海交通大学,Shanghai Jiao Tong University,4,是,是,是
复旦大学,Fudan University,5,是,是,是
南京大学,Nanjing University,6,是,是,是
中国科学技术大学,University of Science and Technology of China,7,是,是,是
武汉大学,Wuhan University,8,是,是,是
华中科技大学,Huazhong University of Science and Technology,9,是,是,是
西安交通大学,Xi'an Jiaotong University,10,是,是,是
北京航空航天大学,Beihang University,11,是,是,是
哈尔滨工业大学,Harbin Institute of Technology,12,是,是,是
中山大学,Sun Yat-sen University,13,是,是,是
北京理工大学,Beijing Institute of Technology,14,是,是,是
北京协和医学院,Peking Union Medical College,医1,否,否,是
东南大学,Southeast University,15,是,是,是
四川大学,Sichuan University,16,是,是,是
中国人民大学,Renmin University of China,17,是,是,是
同济大学,Tongji University,18,是,是,是
北京师范大学,Beijing Normal University,19,是,是,是
天津大学,Tianjin University,20,是,是,是
南开大学,Nankai University,21,是,是,是
山东大学,Shandong University,22,是,是,是
西北工业大学,Northwestern Polytechnical University,23,是,是,是
中国农业大学,China Agricultural University,24,是,是,是
厦门大学,Xiamen University,25,是,是,是
吉林大学,Jilin University,26,是,是,是
中南大学,Central South University,27,是,是,是
大连理工大学,Dalian University of Technology,28,是,是,是
华东师范大学,East China Normal University,29,是,是,是
南方科技大学,Southern University of Science and Technology,30,否,否,是
湖南大学,Hunan University,31,是,是,是
华南理工大学,South China University of Technology,32,是,是,是
电子科技大学,University of Electronic Science and Technology of China,33,是,是,是
重庆大学,Chongqing University,34,是,是,是
北京科技大学,University of Science and Technology Beijing,35,否,是,是
上海财经大学,Shanghai University of Finance and Economics,财1,否,是,是
南京理工大学,Nanjing University of Science & Technology,36,否,是,是
南京航空航天大学,Nanjing University of Aeronautics and Astronautics,37,否,是,是
首都医科大学,Capital Medical University,医2,否,否,否
东北大学,Northeastern University,38,是,是,是
西安电子科技大学,Xidian University,39,否,是,是
香港中文大学（深圳）,"The Chinese University of Hong Kong, Shenzhen",合作1,否,否,否
兰州大学,Lanzhou University,40,是,是,是
北京交通大学,Beijing Jiaotong University,41,否,是,是
华东理工大学,East China University of Science and Technology,42,否,是,是
南方医科大学,Southern Medical University,医3,否,否,否
中央财经大学,Central University of Finance and Economics,财2,否,是,是
哈尔滨工程大学,Harbin Engineering University,43,否,是,是
郑州大学,Zhengzhou University,44,否,是,是
华中农业大学,Huazhong Agricultural University,45,否,是,是
南京医科大学,Nanjing Medical University,医4,否,否,是
苏州大学,Soochow University,46,否,是,是
上海科技大学,ShanghaiTech University,47,否,否,是
东北师范大学,Northeast Normal University,48,否,是,是
西南交通大学,Southwest Jiaotong University,49,否,是,是
北京邮电大学,Beijing University of Posts and Telecommunications,50,否,是,是
中国海洋大学,Ocean University of China,51,是,是,是
江南大学,Jiangnan University,52,否,是,是
华中师范大学,Central China Normal University,53,否,是,是
武汉理工大学,Wuhan University of Technology,54,否,是,是
南京农业大学,Nanjing Agricultural University,55,否,是,是
中国地质大学（武汉）,China University of Geosciences,56,否,是,是
中国政法大学,China University of Political Science and Law,政1,否,是,是
北京化工大学,Beijing University of Chemical Technology,57,否,是,是
对外经济贸易大学,University of International Business and Economics,财3,否,是,是
中南财经政法大学,Zhongnan University of Economics and Law,财4,否,是,是
南京师范大学,Nanjing Normal University,58,否,是,是
暨南大学,Jinan University,59,否,是,是
上海大学,Shanghai University,60,否,是,是
天津医科大学,Tianjin Medical University,医5,否,是,是
西南大学,Southwest University,61,否,是,是
中国石油大学（北京）,"China University of Petroleum, Beijing",62,否,是,是
中国医科大学,China Medical University (Shenyang),医6,否,否,否
河海大学,Hohai University,63,否,是,是
陕西师范大学,Shaanxi Normal University,63,否,是,是
北京中医药大学,Beijing University of Chinese Medicine,中医1,否,是,是
北京工业大学,Beijing University of Technology,65,否,是,是
宁波诺丁汉大学,University of Nottingham Ningbo China,合作2,否,否,否
深圳大学,Shenzhen University,66,否,否,否
西南财经大学,Southwestern University of Finance and Economics,财5,否,是,是
中国矿业大学,China University of Mining and Technology,67,否,是,是
浙江工业大学,Zhejiang University of Technology,68,否,否,否
西北农林科技大学,Northwest A&F University,69,是,是,是
上海中医药大学,Shanghai University of Traditional Chinese Medicine,中医2,否,否,是
西北大学,Northwest University,70,否,是,是
云南大学,Yunnan University,71,否,是,是
东华大学,Donghua University,72,否,是,是
中国石油大学（华东）,China University of Petroleum (East China),73,否,是,是
南昌大学,Nanchang University,74,否,是,是
中国地质大学（北京）,China University of Geosciences Beijing,75,否,是,是
中国矿业大学（北京）,China University of Mining and Technology-Beijing,76,否,是,是
福州大学,Fuzhou University,77,否,是,是
宁波大学,Ningbo University,78,否,否,是
上海纽约大学,NYU Shanghai,合作3,否,否,否
华南师范大学,South China Normal University,79,否,是,是
广州医科大学,Guangzhou Medical University,医7,否,否,是
哈尔滨医科大学,Harbin Medical University,医8,否,否,否
北京外国语大学,Beijing Foreign Studies University,语1,否,是,是
中央民族大学,Minzu University of China,民1,是,是,是
合肥工业大学,Hefei University of Technology,80,否,是,是
江苏大学,Jiangsu University,81,否,否,否
重庆医科大学,Chongqing Medical University,医9,否,否,否
东北财经大学,Dongbei University of Finance and Economics,财6,否,否,否
上海外国语大学,Shanghai International Studies University,语2,否,是,是
南京邮电大学,Nanjing University of Posts and Telecommunications,82,否,否,是
中国传媒大学,Communication University of China,语3,否,是,是
北京林业大学,Beijing Forestry University,83,否,是,是
华北电力大学,North China Electric Power University,84,否,是,是
贵州大学,Guizhou University,85,否,是,是
广西大学,Guangxi University,86,否,是,是
海南大学,Hainan University,87,否,是,是
南京工业大学,Nanjing Tech University,88,否,否,否
中国药科大学,China Pharmaceutical University,医10,否,是,是
长安大学,Chang'an University,89,否,是,是
福建师范大学,Fujian Normal University,90,否,否,否
浙江师范大学,Zhejiang Normal University,91,否,否,否
温州医科大学,Wenzhou Medical University,医11,否,否,否
湖南师范大学,Hunan Normal University,92,否,是,是
南京林业大学,Nanjing Forestry University,93,否,否,是
扬州大学,Yangzhou University,93,否,否,否
南京中医药大学,Nanjing University of Chinese Medicine,中医3,否,否,是
河南大学,Henan University,95,否,否,是
昆山杜克大学,Duke Kunshan University,合作4,否,否,否
广东工业大学,Guangdong University of Technology,96,否,否,否
太原理工大学,Taiyuan University of Technology,97,否,是,是
南京信息工程大学,Nanjing University of Information Science & Technology,98,否,否,是
广州中医药大学,Guangzhou University of Chinese Medicine,中医4,否,否,是
杭州电子科技大学,Hangzhou Dianzi University,99,否,否,否
首都师范大学,Capital Normal University,100,否,否,是
安徽大学,Anhui University,101,否,是,是
江西财经大学,Jiangxi University of Finance & Economics,财7,否,否,否
浙江工商大学,Zhejiang Gongshang University,财8,否,否,否
山西大学,Shanxi University,102,否,否,是
西交利物浦大学,Xi'an Jiaotong-Liverpool University,合作5,否,否,否
华南农业大学,South China Agricultural University,103,否,否,是
山东师范大学,Shandong Normal University,104,否,否,否
广州大学,Guangzhou University,105,否,否,否
外交学院,China Foreign Affairs University,语4,否,否,是
上海理工大学,University of Shanghai for Science and Technology,106,否,否,否
河北工业大学,Hebei University of Technology,107,否,是,是
青岛大学,Qingdao University,108,否,否,否
深圳北理莫斯科大学,Shenzhen MSU-BIT University,合作6,否,否,否
燕山大学,Yanshan University,109,否,否,否
河北医科大学,Hebei Medical University,医12,否,否,否
昆明理工大学,Kunming University of Science and Technology,110,否,否,否
西安理工大学,Xi'an University of Technology,111,否,否,否
浙江理工大学,Zhejiang Sci-Tech University,112,否,否,否
大连医科大学,Dalian Medical University,医13,否,否,否
大连海事大学,Dalian Maritime University,113,否,是,是
首都经济贸易大学,Capital University of Economics & Business,财9,否,否,否
内蒙古大学,Inner Mongolia University,114,否,是,是
东北林业大学,Northeast Forestry University,115,否,是,是
杭州师范大学,Hangzhou Normal University,116,否,否,否
湘潭大学,Xiangtan University,117,否,否,是
西安建筑科技大学,Xi'an University of Architecture and Technology,118,否,否,否
西南石油大学,Southwest Petroleum University,119,否,否,是
北京语言大学,Beijing Language and Culture University,语5,否,否,否
华东政法大学,East China University of Political Science and Law,政2,否,否,否
东北农业大学,Northeast Agricultural University,120,否,是,是
天津中医药大学,Tianjin University of Traditional Chinese Medicine,中医5,否,否,是
湖北大学,Hubei University,121,否,否,否
成都中医药大学,Chengdu University of Traditional Chinese Medicine,中医6,否,否,是
福建农林大学,Fujian Agriculture and Forestry University,122,否,否,否
上海师范大学,Shanghai Normal University,123,否,否,否
武汉科技大学,Wuhan University of Science and Technology,123,否,否,否
安徽医科大学,Anhui Medical University,医14,否,否,否
西南政法大学,Southwest University of Political Science & Law,政3,否,否,否
辽宁大学,Liaoning University,125,否,是,是
江西师范大学,Jiangxi Normal University,126,否,否,否
福建医科大学,Fujian Medical University,医15,否,否,否
成都理工大学,Chengdu University of Technology,127,否,否,是
浙江中医药大学,Zhejiang Chinese Medical University,中医7,否,否,否
山东农业大学,Shandong Agricultural University,128,否,否,否
温州大学,Wenzhou University,129,否,否,否
南京财经大学,Nanjing University of Finance & Economics,财10,否,否,否
北京工商大学,Beijing Technology and Business University,财11,否,否,否
广东外语外贸大学,Guangdong University of Foreign Studies,语6,否,否,否
河北大学,Hebei University,130,否,否,否
浙江财经大学,Zhejiang University of Finance and Economics,财12,否,否,否
新疆大学,Xinjiang University,131,否,是,是
上海体育大学,Shanghai University of Sport,体1,否,否,是
陕西科技大学,Shaanxi University of Science & Technology,132,否,否,否
山西医科大学,Shanxi Medical University,医16,否,否,否
天津工业大学,Tiangong University,133,否,否,是
四川农业大学,Sichuan Agricultural University,134,否,是,是
长沙理工大学,Changsha University of Science & Technology,135,否,否,否
石河子大学,Shihezi University,135,否,是,是
山东第一医科大学,Shandong First Medical University,医17,否,否,否
宁夏大学,Ningxia University,137,否,是,是
长春理工大学,Changchun University of Science and Technology,138,否,否,否
广东以色列理工学院,Guangdong Technion - Israel Institute of Technology,合作7,否,否,否
华侨大学,Huaqiao University,139,否,否,否
中国人民公安大学,People's Public Security University of China,政4,否,否,是
山东科技大学,Shandong University of Science and Technology,140,否,否,否
江苏科技大学,Jiangsu University of Science and Technology,141,否,否,否
上海海洋大学,Shanghai Ocean University,142,否,否,是
安徽农业大学,Anhui Agricultural University,143,否,否,否
山东财经大学,Shandong University of Finance and Economics,财13,否,否,否
上海对外经贸大学,Shanghai University of International Business and Economics,财14,否,否,否
中北大学,North University of China,144,否,否,否
安徽师范大学,Anhui Normal University,145,否,否,否
河南农业大学,Henan Agricultural University,145,否,否,否
重庆邮电大学,Chongqing University of Posts and Telecommunications,147,否,否,否
南通大学,Nantong University,147,否,否,否
广西师范大学,Guangxi Normal University,149,否,否,否
浙江农林大学,Zhejiang A&F University,149,否,否,否
齐鲁工业大学,Qilu University of Technology,151,否,否,否
中国计量大学,China Jiliang University,151,否,否,否
温州肯恩大学,Wenzhou-Kean University,合作8,否,否,否
广西医科大学,Guangxi Medical University,医18,否,否,否
沈阳农业大学,Shenyang Agricultural University,153,否,否,否
西北师范大学,Northwest Normal University,154,否,否,否
北师香港浸会大学,Beijing Normal-Hong Kong Baptist University,合作9,否,否,否
黑龙江大学,Heilongjiang University,155,否,否,否
集美大学,Jimei University,156,否,否,否
延边大学,Yanbian University,157,否,是,是
天津科技大学,Tianjin University of Science and Technology,158,否,否,否
徐州医科大学,Xuzhou Medical University,医19,否,否,否
武汉纺织大学,Wuhan Textile University,159,否,否,否
南京审计大学,Nanjing Audit University,财15,否,否,否
中南民族大学,South-Central Minzu University,民2,否,否,否
天津师范大学,Tianjin Normal University,160,否,否,否
吉林农业大学,Jilin Agricultural University,161,否,否,否
湖北工业大学,Hubei University of Technology,162,否,否,否
辽宁师范大学,Liaoning Normal University,162,否,否,否
曲阜师范大学,Qufu Normal University,164,否,否,否
常州大学,Changzhou University,165,否,否,否
湖南农业大学,Hunan Agricultural University,166,否,否,否
青岛科技大学,Qingdao University of Science & Technology,167,否,否,否
河南师范大学,Henan Normal University,168,否,否,否
沈阳药科大学,Shenyang Pharmaceutical University,医20,否,否,否
武汉工程大学,Wuhan Institute of Technology,169,否,否,否
山东中医药大学,Shandong University of Traditional Chinese Medicine,中医8,否,否,否
湖南中医药大学,Hunan University of Chinese Medicine,中医9,否,否,否
天津理工大学,Tianjin University of Technology,170,否,否,否
上海海事大学,Shanghai Maritime University,171,否,否,否
江苏师范大学,Jiangsu Normal University,172,否,否,否
汕头大学,Shantou University,173,否,否,否
三峡大学,China Three Gorges University,174,否,否,否
济南大学,University of Jinan,175,否,否,否
天津财经大学,Tianjin University of Finance and Economics,财16,否,否,否
河南科技大学,Henan University of Science and Technology,176,否,否,否
福建中医药大学,Fujian University of Traditional Chinese Medicine,中医10,否,否,否
河北师范大学,Hebei Normal University,177,否,否,否
北京体育大学,Beijing Sport University,体2,否,是,是
北京建筑大学,Beijing University of Civil Engineering and Architecture,178,否,否,否
沈阳航空航天大学,Shenyang Aerospace University,179,否,否,否
河南中医药大学,Henan University of Chinese Medicine,中医11,否,否,否
安徽理工大学,Anhui University of Science & Technology,180,否,否,否
南昌航空大学,Nanchang Hangkong University,181,否,否,否
北京信息科技大学,Beijing Information Science & Technology University,182,否,否,否
桂林电子科技大学,Guilin University of Electronic Technology,183,否,否,否
长江大学,Yangtze University,184,否,否,否
宁夏医科大学,Ningxia Medical University,医21,否,否,否
国际关系学院,University of International Relations,185,否,否,否
西北政法大学,Northwest University of Political Science and Law,政5,否,否,否
西安科技大学,Xi'an University of Science and Technology,186,否,否,否
青岛理工大学,Qingdao University of Technology,187,否,否,否
上海电力大学,Shanghai University of Electric Power,188,否,否,否
河北农业大学,Hebei Agricultural University,189,否,否,否
湖南科技大学,Hunan University of Science and Technology,189,否,否,否
辽宁中医药大学,Liaoning University of Traditional Chinese Medicine,中医12,否,否,否
重庆交通大学,Chongqing Jiaotong University,191,否,否,否
兰州交通大学,Lanzhou Jiaotong University,192,否,否,否
安徽工业大学,Anhui University of Technology,193,否,否,否
河南理工大学,Henan Polytechnic University,194,否,否,否
华东交通大学,East China Jiaotong University,194,否,否,否
昆明医科大学,Kunming Medical University,医22,否,否,否
西安邮电大学,Xi'an University of Posts and Telecommunications,196,否,否,否
新疆医科大学,Xinjiang Medical University,医23,否,否,否
山东理工大学,Shandong University of Technology,197,否,否,否
南华大学,University of South China,198,否,否,否
沈阳工业大学,Shenyang University of Technology,198,否,否,否
云南师范大学,Yunnan Normal University,198,否,否,否
江西中医药大学,Jiangxi University of Chinese Medicine,中医13,否,否,否
西藏大学,Xizang University,201,否,是,是
江西理工大学,Jiangxi University of Science and Technology,202,否,否,否
安徽财经大学,Anhui University of Finance and Economics,财17,否,否,否
青海大学,Qinghai University,203,否,是,是
兰州理工大学,Lanzhou University of Technology,204,否,否,否
西南科技大学,Southwest University of Science and Technology,205,否,否,否
湖北中医药大学,Hubei University of Chinese Medicine,中医14,否,否,否
西安工业大学,Xi'an Technological University,206,否,否,否
江西农业大学,Jiangxi Agricultural University,207,否,否,否
西南医科大学,Southwest Medical University,医24,否,否,否
西南民族大学,Southwest Minzu University,民3,否,否,否
长春中医药大学,Changchun University of Chinese Medicine,中医15,否,否,否
东北电力大学,Northeast Electric Power University,208,否,否,否
四川师范大学,Sichuan Normal University,209,否,否,否
河南工业大学,Henan University of Technology,210,否,否,否
山东医药大学,Shandong Medical and Pharmaceutical University,医25,否,否,否
大连工业大学,Dalian Polytechnic University,211,否,否,否
黑龙江中医药大学,Heilongjiang University of Chinese Medicine,中医16,否,否,否
内蒙古农业大学,Inner Mongolia Agricultural University,212,否,否,否
东北石油大学,Northeast Petroleum University,213,否,否,否
北京第二外国语学院,Beijing International Studies University,语7,否,否,否
哈尔滨理工大学,Harbin University of Science and Technology,214,否,否,否
重庆师范大学,Chongqing Normal University,215,否,否,否
山西财经大学,Shanxi University of Finance and Economics,财18,否,否,否
嘉兴大学,Jiaxing University,216,否,否,否
遵义医科大学,Zunyi Medical University,医26,否,否,否
上海政法学院,Shanghai University of Political Science and Law,政6,否,否,否
苏州科技大学,Suzhou University of Science and Technology,217,否,否,否
河南医药大学,Henan Medical University,医27,否,否,否
浙大城市学院,Hangzhou City University,218,否,否,否
安徽中医药大学,Anhui University of Chinese Medicine,中医17,否,否,否
中南林业科技大学,Central South University of Forestry & Technology,219,否,否,否
贵州师范大学,Guizhou Normal University,220,否,否,否
内蒙古师范大学,Inner Mongolia Normal University,220,否,否,否
贵州医科大学,Guizhou Medical University,医28,否,否,否
山东第二医科大学,Shandong Second Medical University,医29,否,否,否
沈阳建筑大学,Shenyang Jianzhu University,222,否,否,否
吉林财经大学,Jilin University of Finance and Economics,财19,否,否,否
中国刑事警察学院,Criminal Investigation Police University of China,政7,否,否,否
哈尔滨师范大学,Harbin Normal University,223,否,否,否
烟台大学,Yantai University,224,否,否,否
山西农业大学,Shanxi Agricultural University,225,否,否,否
中国民航大学,Civil Aviation University of China,226,否,否,否
海南师范大学,Hainan Normal University,227,否,否,否
青岛农业大学,Qingdao Agricultural University,228,否,否,否
东华理工大学,East China University of Technology,229,否,否,否
内蒙古医科大学,Inner Mongolia Medical University,医30,否,否,否
西安石油大学,Xi'an Shiyou University,230,否,否,否
石家庄铁道大学,Shijiazhuang Tiedao University,231,否,否,否
浙江科技大学,Zhejiang University of Science & Technology,232,否,否,否
重庆工商大学,Chongqing Technology and Business University,财20,否,否,否
广东财经大学,Guangdong University of Finance and Economics,财21,否,否,否
北京电子科技学院,Beijing Electronic Science and Technology Institute,233,否,否,否
海南医科大学,Hainan Medical University,医31,否,否,否
湖州师范大学,Huzhou Normal University,234,否,否,否
甘肃农业大学,Gansu Agricultural University,235,否,否,否
浙江传媒学院,Communication University of Zhejiang,语8,否,否,否
浙江海洋大学,Zhejiang Ocean University,236,否,否,否
佛山大学,Foshan University,237,否,否,否
上海工程技术大学,Shanghai University of Engineering Science,237,否,否,否
北方工业大学,North China University of Technology,239,否,否,否
陕西中医药大学,Shaanxi University of Chinese Medicine,中医18,否,否,否
鲁东大学,Ludong University,240,否,否,否
成都大学,Chengdu University,241,否,否,否
西安外国语大学,Xi'an International Studies University,语9,否,否,否
四川外国语大学,Sichuan International Studies University,语10,否,否,否
上海应用技术大学,Shanghai Institute of Technology,242,否,否,否
北京物资学院,Beijing Wuzi University,财22,否,否,否
广西中医药大学,Guangxi University of Chinese Medicine,中医19,否,否,否
重庆理工大学,Chongqing University of Technology,243,否,否,否
沈阳化工大学,Shenyang University of Chemical Technology,244,否,否,否
长春工业大学,Changchun University of Technology,245,否,否,否
厦门理工学院,Xiamen University of Technology,246,否,否,否
锦州医科大学,Jinzhou Medical University,医32,否,否,否
东莞理工学院,Dongguan University of Technology,247,否,否,否
延安大学,Yan'an University,248,否,否,否
大连交通大学,Dalian Jiaotong University,249,否,否,否
华北水利水电大学,North China University of Water Resources and Electric Power,249,否,否,否
山东建筑大学,Shandong Jianzhu University,251,否,否,否
赣南师范大学,Gannan Normal University,252,否,否,否
西安工程大学,Xi'an Polytechnic University,253,否,否,否
河北经贸大学,Hebei University of Economics and Business,财23,否,否,否
河北科技大学,Hebei University of Science and Technology,254,否,否,否
沈阳理工大学,Shenyang Ligong University,254,否,否,否
河北中医药大学,Hebei University of Chinese Medicine,中医20,否,否,否
青海师范大学,Qinghai Normal University,256,否,否,否
河南财经政法大学,Henan University of Economics and Law,财24,否,否,否
武汉轻工大学,Wuhan Polytechnic University,257,否,否,否
桂林理工大学,Guilin University of Technology,258,否,否,否
郑州轻工业大学,Zhengzhou University of Light Industry,258,否,否,否
天津外国语大学,Tianjin Foreign Studies University,语11,否,否,否
成都信息工程大学,Chengdu University of Information Technology,260,否,否,否
内蒙古工业大学,Inner Mongolia University of Technology,261,否,否,否
西华大学,Xihua University,262,否,否,否
首都体育学院,Capital University of Physical Education and Sports,体3,否,否,否
辽宁石油化工大学,Liaoning Petrochemical University,263,否,否,否
湖北经济学院,Hubei University of Economics,财25,否,否,否
绍兴大学,Shaoxing University,264,否,否,否
江汉大学,Jianghan University,265,否,否,否
沈阳大学,Shenyang University,266,否,否,否
广东医科大学,Guangdong Medical University,医33,否,否,否
大连外国语大学,Dalian University of Foreign Languages,语12,否,否,否
中国人民警察大学,China People's Police University,政8,否,否,否
山西师范大学,Shanxi Normal University,267,否,否,否
湖北医药学院,Hubei University of Medicine,医34,否,否,否
湖南工商大学,Hunan University of Technology and Business,财26,否,否,否
聊城大学,Liaocheng University,268,否,否,否
华北理工大学,North China University of Science and Technology,269,否,否,否
上海立信会计金融学院,Shanghai Lixin University of Accounting and Finance,财27,否,否,否
太原科技大学,Taiyuan University of Science and Technology,270,否,否,否
天津商业大学,Tianjin University of Commerce,财28,否,否,否
浙江外国语学院,Zhejiang International Studies University,语13,否,否,否
四川警察学院,Sichuan Police College,政9,否,否,否
辽宁工程技术大学,Liaoning Technical University,271,否,否,否
西华师范大学,China West Normal University,271,否,否,否
贵州中医药大学,Guizhou University of Traditional Chinese Medicine,中医21,否,否,否
广西民族大学,Guangxi University for Nationalities,民4,否,否,否
南京工程学院,Nanjing Institute of Technology,273,否,否,否
贵州财经大学,Guizhou University of Finance and Economics,财29,否,否,否
安徽工程大学,Anhui Polytechnic University,274,否,否,否
福建理工大学,Fujian University of Technology,275,否,否,否
郑州航空工业管理学院,Zhengzhou University of Aeronautics,财30,否,否,否
大连民族大学,Dalian Minzu University,民5,否,否,否
上海海关学院,Shanghai Customs University,276,否,否,否
沈阳师范大学,Shenyang Normal University,277,否,否,否
台州学院,Taizhou University,278,否,否,否
重庆科技大学,Chongqing University of Science and Technology,279,否,否,否
辽宁工业大学,Liaoning University of Technology,279,否,否,否
西藏民族大学,Xizang Minzu University,民6,否,否,否
贵州民族大学,Guizhou Minzu University,民7,否,否,否
江苏警官学院,Jiangsu Police Institute,政10,否,否,否
北京农学院,Beijing University of Agriculture,281,否,否,否
北京印刷学院,Beijing Institute of Graphic Communication,281,否,否,否
云南财经大学,Yunnan University of Finance and Economics,财31,否,否,否
武汉体育学院,Wuhan Sports University,体4,否,否,否
安徽建筑大学,Anhui Jianzhu University,283,否,否,否
深圳技术大学,Shenzhen Technology University,283,否,否,否
蚌埠医科大学,Bengbu Medical University,医35,否,否,否
沈阳医学院,Shenyang Medical College,医36,否,否,否
渤海大学,Bohai University,285,否,否,否
大理大学,Dali University,285,否,否,否
川北医学院,North Sichuan Medical College,医37,否,否,否
云南中医药大学,Yunnan University of Chinese Medicine,中医22,否,否,否
大连大学,Dalian University,287,否,否,否
苏州工学院,Suzhou University of Technology,287,否,否,否
浙大宁波理工学院,NingboTech University,287,否,否,否
中国劳动关系学院,China University of Labor Relations,政11,否,否,否
山西中医药大学,Shanxi University of Chinese Medicine,中医23,否,否,否
云南农业大学,Yunnan Agricultural University,290,否,否,否
河北地质大学,Hebei GEO University,财32,否,否,否
西北民族大学,Northwest Minzu University,民8,否,否,否
南京警察学院,Nanjing Police University,政12,否,否,否
河北工程大学,Hebei University of Engineering,291,否,否,否
桂林医科大学,Guilin Medical University,医38,否,否,否
宁波工程学院,Ningbo University of Technology,292,否,否,否
广东药科大学,Guangdong Pharmaceutical University,医39,否,否,否
湖南工业大学,Hunan University of Technology,293,否,否,否
西安财经大学,Xi'an University of Finance and Economics,财33,否,否,否
浙江警察学院,Zhejiang Police College,政13,否,否,否
吉林建筑大学,Jilin Jianzhu University,294,否,否,否
西藏藏医药大学,Xizang University of Tibetan Medicine,中医24,否,否,否
南宁师范大学,Nanning Normal University,295,否,否,否
北方民族大学,North Minzu University,民9,否,否,否
大连海洋大学,Dalian Ocean University,296,否,否,否
闽江大学,Minjiang University,297,否,否,否
广东海洋大学,Guangdong Ocean University,298,否,否,否
临沂大学,Linyi University,299,否,否,否
哈尔滨商业大学,Harbin University of Commerce,财34,否,否,否
中华女子学院,China Women's University,语14,否,否,否
云南民族大学,Yunnan Minzu University,民10,否,否,否
北京石油化工学院,Beijing Institute of Petrochemical Technology,300,否,否,否
赣南医科大学,Gannan Medical University,医40,否,否,否
内蒙古财经大学,Inner Mongolia University of Finance and Economics,财35,否,否,否
黑龙江八一农垦大学,Heilongjiang Bayi Agricultural University,301,否,否,否
甘肃中医药大学,Gansu University of Chinese Medicine,中医25,否,否,否
新疆师范大学,Xinjiang Normal University,302,否,否,否
沈阳体育学院,Shenyang Sport University,体5,否,否,否
西南林业大学,Southwest Forestry University,303,否,否,否
皖南医科大学,Wannan Medical University,医41,否,否,否
辽宁科技大学,University of Science and Technology Liaoning,304,否,否,否
新疆农业大学,Xinjiang Agricultural University,305,否,否,否
山东工商学院,Shandong Technology and Business University,财36,否,否,否
北京联合大学,Beijing Union University,306,否,否,否
重庆文理学院,Chongqing University of Arts and Sciences,307,否,否,否
北华大学,Beihua University,308,否,否,否
闽南师范大学,Minnan Normal University,309,否,否,否
湖南理工大学,Hunan Institute of Science and Technology,310,否,否,否
五邑大学,Wuyi University,311,否,否,否
湖北师范大学,Hubei Normal University,312,否,否,否
浙江万里学院,Zhejiang Wanli University,312,否,否,否
青海民族大学,Qinghai Minzu University,民11,否,否,否
甘肃政法大学,Gansu University of Political Science and Law,政14,否,否,否
广东技术师范大学,Guangdong Polytechnic Normal University,314,否,否,否
内蒙古科技大学,Inner Mongolia University of Science & Technology,314,否,否,否
合肥大学,Hefei University,316,否,否,否
承德医学院,Chengde Medical University,医42,否,否,否
淮安大学,Huai'an University,317,否,否,否
天津城建大学,Tianjin Chengjian University,318,否,否,否
无锡学院,Wuxi University,319,否,否,否
中原工学院,Zhongyuan University of Technology,320,否,否,否
景德镇陶瓷大学,Jingdezhen Ceramic University,321,否,否,否
济宁医学院,Jining Medical University,医43,否,否,否
吉林师范大学,Jilin Normal University,322,否,否,否
吉首大学,Jishou University,323,否,否,否
江西科技师范大学,Jiangxi Science and Technology Normal University,324,否,否,否
南京体育学院,Nanjing Sport Institute,体6,否,否,否
江苏海洋大学,Jiangsu Ocean University,325,否,否,否
天津体育学院,Tianjin University of Sport,体7,否,否,否
四川轻化工大学,Sichuan University of Science and Engineering,326,否,否,否
上海第二工业大学,Shanghai Polytechnic University,327,否,否,否
长沙学院,Changsha University,328,否,否,否
广西科技大学,Guangxi University of Science and Technology,329,否,否,否
淮北师范大学,Huaibei Normal University,330,否,否,否
成都体育学院,Chengdu Sport University,体8,否,否,否
淮阴师范学院,Huaiyin Normal University,331,否,否,否
上海电机学院,Shanghai Dianji University,332,否,否,否
南京晓庄学院,Nanjing XiaoZhuang University,333,否,否,否
盐城工学院,Yancheng Institute of Technology,334,否,否,否
贵州师范学院,Guizhou Education University,335,否,否,否
常州工学院,Changzhou Institute of Technology,336,否,否,否
新疆财经大学,Xinjiang University of Finance & Economics,财37,否,否,否
长春师范大学,Changchun Normal University,337,否,否,否
信阳师范大学,Xinyang Normal University,337,否,否,否
上海健康医学院,Shanghai University of Medicine and Health Sciences,医44,否,否,否
山东体育学院,Shandong Sport University,体9,否,否,否
中央司法警官学院,The National Police University for Criminal Justice,政15,否,否,否
榆林大学,Yulin University,339,否,否,否
安庆师范大学,Anqing Normal University,340,否,否,否
内蒙古民族大学,Inner Mongolia Minzu University,民12,否,否,否
重庆警察学院,Chongqing Police College,政16,否,否,否
湖北汽车工业学院,Hubei University of Automotive Technology,341,否,否,否
陕西理工大学,Shaanxi University of Technology,342,否,否,否
塔里木大学,Tarim University,343,否,否,否
天津职业技术师范大学,TianJin University of Technology and Education,343,否,否,否
辽宁警察学院,Liaoning Police College,政17,否,否,否
长江师范学院,Yangtze Normal University,345,否,否,否
兰州财经大学,Lanzhou University of Finance and Economics,财38,否,否,否
湖北民族大学,Hubei Minzu University,民13,否,否,否
湖南第一师范学院,Hunan First Normal University,346,否,否,否
江苏理工学院,Jiangsu University of Technology,347,否,否,否
上海商学院,Shanghai Business School,财39,否,否,否
北京警察学院,Beijing Police College,政18,否,否,否
江西水利电力大学,Jiangxi University of Water Resources and Electric Power,348,否,否,否
长春工程学院,Changchun Institute of Technology,349,否,否,否
盐城师范学院,Yancheng Teachers University,350,否,否,否
井冈山大学,Jinggangshan University,351,否,否,否
金陵科技学院,Jinling Institute of Technology,351,否,否,否
广东金融学院,Guangdong University of Finance,财40,否,否,否
广东警官学院,Guangdong Police College,政19,否,否,否
天津农学院,Tianjin Agricultural University,353,否,否,否
仲恺农业工程学院,Zhongkai University of Agriculture and Engineering,353,否,否,否
铜仁学院,Tongren University,355,否,否,否
杭州医学院,Hangzhou Medical College,医45,否,否,否
山东交通学院,Shandong Jiaotong University,356,否,否,否
黄冈师范学院,Huanggang Normal University,357,否,否,否
泉州师范学院,Quanzhou Normal University,357,否,否,否
河南科技学院,Henan Institute of Science and Technology,359,否,否,否
温州理工学院,Wenzhou University of Technology,360,否,否,否
西安医学院,Xi'an Medical University,医46,否,否,否
安徽科技工程大学,Anhui Science and Technology University,361,否,否,否
洛阳师范学院,Luoyang Normal University,361,否,否,否
徐州工程学院,Xuzhou University of Technology,363,否,否,否
湖北第二师范学院,Hubei University of Education,364,否,否,否
丽水学院,Lishui University,365,否,否,否
中国民用航空飞行学院,Civil Aviation Flight University of China,365,否,否,否
河北北方学院,Hebei North University,医47,否,否,否
惠州学院,Huizhou University,367,否,否,否
广州体育学院,Guangzhou Sport University,体10,否,否,否
长春大学,Changchun University,368,否,否,否
贵阳学院,Guiyang University,369,否,否,否
厦门医学院,Xiamen Medical College,医48,否,否,否
湖州学院,Huzhou College,370,否,否,否
哈尔滨体育学院,Harbin Sport University,体11,否,否,否
沈阳工程学院,Shenyang Institute of Engineering,371,否,否,否
河南警察学院,Henan Police College,政20,否,否,否
湖北科技学院,Hubei University of Science and Technology,372,否,否,否
湖北文理学院,Hubei University of Arts and Science,372,否,否,否
黔南民族师范学院,Qiannan Normal University for Nationalities,372,否,否,否
广西财经学院,Guangxi University of Finance and Economics,财41,否,否,否
内蒙古科技大学包头医学院,Baotou Medical College,医49,否,否,否
郑州警察学院,Zhengzhou Police University,政21,否,否,否
防灾科技学院,Institute of Disaster Prevention,375,否,否,否
广东石油化工学院,Guangdong University of Petrochemical Technology,376,否,否,否
洛阳理工学院,Luoyang Institute of Science and Technology,377,否,否,否
遵义师范学院,Zunyi Normal University,378,否,否,否
衢州学院,Quzhou University,379,否,否,否
重庆三峡科技大学,Chongqing Three Gorges University,380,否,否,否
齐齐哈尔大学,Qiqihar University,381,否,否,否
三明学院,Sanming University,381,否,否,否
牡丹江医科大学,Mudanjiang Medical University,医50,否,否,否
齐齐哈尔医学院,Qiqihar Medical University,医50,否,否,否
右江民族医学院,Youjiang Medical University for Nationalities,医50,否,否,否
太原师范学院,Taiyuan Normal University,383,否,否,否
山东政法学院,Shandong University of Political Science and Law,政22,否,否,否
阜阳师范大学,Fuyang Normal University,384,否,否,否
北华航天工业学院,North China Institute of Aerospace Engineering,385,否,否,否
绵阳师范学院,Mianyang Teachers' College,386,否,否,否
佳木斯大学,Jiamusi University,387,否,否,否
成都医学院,Chengdu Medical College,医53,否,否,否
成都师范学院,Chengdu Normal University,388,否,否,否
云南警官学院,Yunnan Police College,政23,否,否,否
昆明学院,Kunming University,389,否,否,否
周口师范学院,Zhoukou Normal University,389,否,否,否
福建警察学院,Fujian Police College,政24,否,否,否
岭南师范学院,Lingnan Normal University,391,否,否,否
莆田学院,Putian University,391,否,否,否
福建江夏学院,Fujian Jiangxia University,财42,否,否,否
德州学院,Dezhou University,393,否,否,否
黑龙江科技大学,Heilongjiang University of Science and Technology,394,否,否,否
攀枝花学院,Panzhihua University,394,否,否,否
山东航空学院,Shandong University of Aeronautics,394,否,否,否
浙江水利水电学院,Zhejiang University of Water Resources and Electric Power,394,否,否,否
龙岩学院,Longyan University,398,否,否,否
西藏农牧大学,Xizang Agricultural and Animal Husbandry University,398,否,否,否
